0,0.0,0.0
1,3.39,0.0
2,5.129,0.0
3,6.485,0.0
4,7.61,0.02
5,8.603,0.11
6,9.616,0.202
7,10.842,0.273
8,12.405,0.323
9,14.313,0.357
10,16.491,0.381
11,18.838,0.398
12,21.26,0.41
13,23.686,0.418
14,26.061,0.424
15,28.351,0.428
16,30.535,0.431
17,32.6,0.433
18,34.543,0.434
19,36.365,0.435
20,38.07,0.436
21,39.662,0.436
22,41.15,0.437
23,42.54,0.437
24,43.839,0.437
25,45.055,0.437
26,46.193,0.437
27,47.26,0.437
28,48.262,0.437
29,49.203,0.437
30,50.089,0.437
31,50.924,0.437
32,51.712,0.437
33,52.456,0.437
34,53.16,0.437
35,53.826,0.437
36,54.458,0.437
37,55.057,0.437
38,55.626,0.437
39,56.168,0.437
40,56.683,0.437
41,57.173,0.437
42,57.64,0.437
43,58.086,0.437
44,58.512,0.437
45,58.919,0.437
46,59.307,0.437
47,59.679,0.437
48,60.036,0.437
49,60.377,0.437
50,60.704,0.437
51,61.017,0.437
52,61.318,0.437
53,61.607,0.437
54,61.884,0.437
55,62.151,0.438
56,62.407,0.438
57,62.653,0.438
58,62.89,0.438
59,63.119,0.438
60,63.338,0.438
61,63.55,0.438
62,63.754,0.438
63,63.951,0.438
64,64.141,0.438
65,64.324,0.438
66,64.5,0.438
67,64.671,0.438
68,64.835,0.438
69,64.994,0.438
70,65.148,0.438
71,65.296,0.438
72,65.44,0.438
73,65.579,0.438
74,65.713,0.438
75,65.842,0.438
76,65.968,0.438
77,66.089,0.438
78,66.207,0.438
79,66.321,0.438
80,66.431,0.438
81,66.538,0.438
82,66.641,0.438
83,66.741,0.438
84,66.838,0.438
85,66.933,0.438
86,67.024,0.438
87,67.112,0.438
88,67.198,0.438
89,67.281,0.438
90,67.362,0.438
91,67.44,0.438
92,67.516,0.438
93,67.589,0.438
94,67.661,0.438
95,67.73,0.438
96,67.798,0.438
97,67.863,0.438
98,67.926,0.438
99,67.988,0.438
100,68.048,0.438
101,68.106,0.438
102,68.162,0.438
103,68.217,0.438
104,68.27,0.438
105,68.322,0.438
106,68.372,0.438
107,68.421,0.438
108,68.469,0.438
109,68.515,0.438
110,68.56,0.438
111,68.603,0.438
112,68.646,0.438
113,68.687,0.438
114,68.727,0.438
115,68.766,0.438
116,68.804,0.438
117,68.84,0.438
118,68.876,0.438
119,68.911,0.438
120,68.945,0.438
121,68.978,0.438
122,69.01,0.438
123,69.041,0.438
124,69.071,0.438
125,69.101,0.438
126,69.13,0.438
127,69.158,0.438
128,69.185,0.438
129,69.211,0.438
130,69.237,0.438
131,69.262,0.438
132,69.286,0.438
133,69.31,0.438
134,69.333,0.438
135,69.356,0.438
136,69.378,0.438
137,69.399,0.438
138,69.42,0.438
139,69.44,0.438
140,69.46,0.438
141,69.479,0.438
142,69.497,0.438
143,69.515,0.438
144,69.533,0.438
145,69.55,0.438
146,69.567,0.438
147,69.583,0.438
148,69.599,0.438
149,69.615,0.438
150,69.63,0.438
151,69.644,0.438
152,69.659,0.438
153,69.672,0.438
154,69.686,0.438
155,69.699,0.438
156,69.712,0.438
157,69.725,0.438
158,69.737,0.438
159,69.749,0.438
160,69.76,0.438
161,69.771,0.438
162,69.782,0.438
163,69.793,0.438
164,69.803,0.438
165,69.814,0.438
166,69.823,0.438
167,69.833,0.438
168,69.842,0.438
169,69.852,0.438
170,69.86,0.438
171,69.869,0.438
172,69.878,0.438
173,69.886,0.438
174,69.894,0.438
175,69.902,0.438
176,69.909,0.438
177,69.917,0.438
178,69.924,0.438
179,69.931,0.438
180,69.938,0.438
181,69.944,0.438
182,69.951,0.438
183,69.957,0.438
184,69.963,0.438
185,69.969,0.438
186,69.975,0.438
187,69.981,0.438
188,69.987,0.438
189,69.992,0.438
190,69.997,0.438
191,70.002,0.438
192,70.007,0.438
193,70.012,0.438
194,70.017,0.438
195,70.022,0.438
196,70.026,0.438
197,70.031,0.438
198,70.035,0.438
199,70.039,0.438
200,70.043,0.438
201,70.047,0.438
202,70.051,0.438
203,70.055,0.438
204,70.059,0.438
205,70.062,0.438
206,70.066,0.438
207,70.069,0.438
208,70.072,0.438
209,70.076,0.438
210,70.079,0.438
211,70.082,0.438
212,70.085,0.438
213,70.088,0.438
214,70.091,0.438
215,70.093,0.438
216,70.096,0.438
217,70.099,0.438
218,70.101,0.438
219,70.104,0.438
220,70.106,0.438
221,70.109,0.438
222,70.111,0.438
223,70.113,0.438
224,70.115,0.438
225,70.118,0.438
226,70.12,0.438
227,70.122,0.438
228,70.124,0.438
229,70.126,0.438
230,70.128,0.438
231,70.129,0.438
232,70.131,0.438
233,70.133,0.438
234,70.135,0.438
235,70.136,0.438
236,70.138,0.438
237,70.139,0.438
238,70.141,0.438
239,70.142,0.438
240,70.144,0.438
241,70.145,0.438
242,70.147,0.438
243,70.148,0.438
244,70.149,0.438
245,70.151,0.438
246,70.152,0.438
247,70.153,0.438
248,70.154,0.438
249,70.156,0.438
250,70.157,0.438
251,70.158,0.438
252,70.159,0.438
253,70.16,0.438
254,70.161,0.438
255,70.162,0.438
256,70.163,0.438
257,70.164,0.438
258,70.165,0.438
259,70.166,0.438
260,70.167,0.438
261,70.167,0.438
262,70.168,0.438
263,70.169,0.438
264,70.17,0.438
265,70.171,0.438
266,70.171,0.438
267,70.172,0.438
268,70.173,0.438
269,70.173,0.438
270,70.174,0.438
271,70.175,0.438
272,70.175,0.438
273,70.176,0.438
274,70.177,0.438
275,70.177,0.438
276,70.178,0.438
277,70.178,0.438
278,70.179,0.438
279,70.18,0.438
280,70.18,0.438
281,70.181,0.438
282,70.181,0.438
283,70.182,0.438
284,70.182,0.438
285,70.182,0.438
286,70.183,0.438
287,70.183,0.438
288,70.184,0.438
289,70.184,0.438
290,70.185,0.438
291,70.185,0.438
292,70.185,0.438
293,70.186,0.438
294,70.186,0.438
295,70.186,0.438
296,70.187,0.438
297,70.187,0.438
298,70.187,0.438
299,70.188,0.438
300,70.188,0.438
301,70.188,0.438
302,70.189,0.438
303,70.189,0.438
304,70.189,0.438
305,70.19,0.438
306,70.19,0.438
307,70.19,0.438
308,70.19,0.438
309,70.191,0.438
310,70.191,0.438
311,70.191,0.438
312,70.191,0.438
313,70.192,0.438
314,70.192,0.438
315,70.192,0.438
316,70.192,0.438
317,70.192,0.438
318,70.193,0.438
319,70.193,0.438
320,70.193,0.438
321,70.193,0.438
322,70.193,0.438
323,70.194,0.438
324,70.194,0.438
325,70.194,0.438
326,70.194,0.438
327,70.194,0.438
328,70.194,0.438
329,70.194,0.438
330,70.195,0.438
331,70.195,0.438
332,70.195,0.438
333,70.195,0.438
334,70.195,0.438
335,70.195,0.438
336,70.195,0.438
337,70.196,0.438
338,70.196,0.438
339,70.196,0.438
340,70.196,0.438
341,70.196,0.438
342,70.196,0.438
343,70.196,0.438
344,70.196,0.438
345,70.196,0.438
346,70.197,0.438
347,70.197,0.438
348,70.197,0.438
349,70.197,0.438
350,70.197,0.438
351,70.197,0.438
352,70.197,0.438
353,70.197,0.438
354,70.197,0.438
355,70.197,0.438
356,70.197,0.438
357,70.197,0.438
358,70.198,0.438
359,70.198,0.438
360,70.198,0.438
361,70.198,0.438
362,70.198,0.438
363,70.198,0.438
364,70.198,0.438
365,70.198,0.438
366,70.198,0.438
367,70.198,0.438
368,70.198,0.438
369,70.198,0.438
370,70.198,0.438
371,70.198,0.438
372,70.198,0.438
373,70.198,0.438
374,70.198,0.438
375,70.199,0.438
376,70.199,0.438
377,70.199,0.438
378,70.199,0.438
379,70.199,0.438
380,70.199,0.438
381,70.199,0.438
382,70.199,0.438
383,70.199,0.438
384,70.199,0.438
385,70.199,0.438
386,70.199,0.438
387,70.199,0.438
388,70.199,0.438
389,70.199,0.438
390,70.199,0.438
391,70.199,0.438
392,70.199,0.438
393,70.199,0.438
394,70.199,0.438
395,70.199,0.438
396,70.199,0.438
397,70.199,0.438
398,70.199,0.438
399,70.199,0.438
400,70.199,0.438
401,70.199,0.438
402,70.199,0.438
403,70.199,0.438
404,70.199,0.438
405,70.199,0.438
406,70.199,0.438
407,70.2,0.438
408,70.2,0.438
409,70.2,0.438
410,70.2,0.438
411,70.2,0.438
412,70.2,0.438
413,70.2,0.438
414,70.2,0.438
415,70.2,0.438
416,70.2,0.438
417,70.2,0.438
418,70.2,0.438
419,70.2,0.438
420,70.2,0.438
421,70.2,0.438
422,70.2,0.438
423,70.2,0.438
424,70.2,0.438
425,70.2,0.438
426,70.2,0.438
427,70.2,0.438
428,70.2,0.438
429,70.2,0.438
430,70.2,0.438
431,70.2,0.438
432,70.2,0.438
433,70.2,0.438
434,70.2,0.438
435,70.2,0.438
436,70.2,0.438
437,70.2,0.438
438,70.2,0.438
439,70.2,0.438
440,70.2,0.438
441,70.2,0.438
442,70.2,0.438
443,70.2,0.438
444,70.2,0.438
445,70.2,0.438
446,70.2,0.438
447,70.2,0.438
448,70.2,0.438
449,70.2,0.438
450,70.2,0.438
451,70.2,0.438
452,70.2,0.438
453,70.2,0.438
454,70.2,0.438
455,70.2,0.438
456,70.2,0.438
457,70.2,0.438
458,70.2,0.438
459,70.2,0.438
460,70.2,0.438
461,70.2,0.438
462,70.2,0.438
463,70.2,0.438
464,70.2,0.438
465,70.2,0.438
466,70.2,0.438
467,70.2,0.438
468,70.2,0.438
469,70.2,0.438
470,70.2,0.438
471,70.2,0.438
472,70.2,0.438
473,70.2,0.438
474,70.2,0.438
475,70.2,0.438
476,70.2,0.438
477,70.2,0.438
478,70.2,0.438
479,70.2,0.438
480,70.2,0.438
481,70.2,0.438
482,70.2,0.438
483,70.2,0.438
484,70.2,0.438
485,70.2,0.438
486,70.2,0.438
487,70.2,0.438
488,70.2,0.438
489,70.2,0.438
490,70.2,0.438
491,70.2,0.438
492,70.2,0.438
493,70.2,0.438
494,70.2,0.438
495,70.2,0.438
496,70.2,0.438
497,70.2,0.438
498,70.2,0.438
499,70.2,0.438
500,70.2,0.438
501,70.2,0.438
502,70.2,0.438
503,70.2,0.438
504,70.2,0.438
505,70.2,0.438
506,70.2,0.438
507,70.2,0.438
508,70.2,0.438
509,70.2,0.438
510,70.2,0.438
511,70.2,0.438
512,70.2,0.438
513,70.2,0.438
514,70.2,0.438
515,70.2,0.438
516,70.2,0.438
517,70.2,0.438
518,70.2,0.438
519,70.2,0.438
520,70.2,0.438
521,70.2,0.438
522,70.2,0.438
523,70.2,0.438
524,70.2,0.438
525,70.2,0.438
526,70.2,0.438
527,70.2,0.438
528,70.2,0.438
529,70.2,0.438
530,70.2,0.438
531,70.2,0.438
532,70.2,0.438
533,70.2,0.438
534,70.2,0.438
535,70.2,0.438
536,70.2,0.438
537,70.2,0.438
538,70.2,0.438
539,70.2,0.438
540,70.2,0.438
541,70.2,0.438
542,70.2,0.438
543,70.2,0.438
544,70.2,0.438
545,70.2,0.438
546,70.2,0.438
547,70.2,0.438
548,70.2,0.438
549,70.2,0.438
550,70.2,0.438
551,70.2,0.438
552,70.2,0.438
553,70.2,0.438
554,70.2,0.438
555,70.2,0.438
556,70.2,0.438
557,70.2,0.438
558,70.2,0.438
559,70.2,0.438
560,70.2,0.438
561,70.2,0.438
562,70.2,0.438
563,70.2,0.438
564,70.2,0.438
565,70.2,0.438
566,70.2,0.438
567,70.2,0.438
568,70.2,0.438
569,70.2,0.438
570,70.2,0.438
571,70.2,0.438
572,70.2,0.438
573,70.2,0.438
574,70.2,0.438
575,70.2,0.438
576,70.2,0.438
577,70.2,0.438
578,70.2,0.438
579,70.2,0.438
580,70.2,0.438
581,70.2,0.438
582,70.2,0.438
583,70.2,0.438
584,70.2,0.438
585,70.2,0.438
586,70.2,0.438
587,70.2,0.438
588,70.2,0.438
589,70.2,0.438
590,70.2,0.438
591,70.2,0.438
592,70.2,0.438
593,70.2,0.438
594,70.2,0.438
595,70.2,0.438
596,70.2,0.438
597,70.2,0.438
598,70.2,0.438
599,70.2,0.438
600,70.2,0.438
601,70.2,0.438
602,70.2,0.438
603,70.2,0.438
604,70.2,0.438
605,70.2,0.438
606,70.2,0.438
607,70.2,0.438
608,70.2,0.438
609,70.2,0.438
610,70.2,0.438
611,70.2,0.438
612,70.2,0.438
613,70.2,0.438
614,70.2,0.438
615,70.2,0.438
616,70.2,0.438
617,70.2,0.438
618,70.2,0.438
619,70.2,0.438
620,70.2,0.438
621,70.2,0.438
622,70.2,0.438
623,70.2,0.438
624,70.2,0.438
625,70.2,0.438
626,70.2,0.438
627,70.2,0.438
628,70.2,0.438
629,70.2,0.438
630,70.2,0.438
631,70.2,0.438
632,70.2,0.438
633,70.2,0.438
634,70.2,0.438
635,70.2,0.438
636,70.2,0.438
637,70.2,0.438
638,70.2,0.438
639,70.2,0.438
640,70.2,0.438
641,70.2,0.438
642,70.2,0.438
643,70.2,0.438
644,70.2,0.438
645,70.2,0.438
646,70.2,0.438
647,70.2,0.438
648,70.2,0.438
649,70.2,0.438
650,70.2,0.438
651,70.2,0.438
652,70.2,0.438
653,70.2,0.438
654,70.2,0.438
655,70.2,0.438
656,70.2,0.438
657,70.2,0.438
658,70.2,0.438
659,70.2,0.438
660,70.2,0.438
661,70.2,0.438
662,70.2,0.438
663,70.2,0.438
664,70.2,0.438
665,70.2,0.438
666,70.2,0.438
667,70.2,0.438
668,70.2,0.438
669,70.2,0.438
670,70.2,0.438
671,70.2,0.438
672,70.2,0.438
673,70.2,0.438
674,70.2,0.438
675,70.2,0.438
676,70.2,0.438
677,70.2,0.438
678,70.2,0.438
679,70.2,0.438
680,70.2,0.438
681,70.2,0.438
682,70.2,0.438
683,70.2,0.438
684,70.2,0.438
685,70.2,0.438
686,70.2,0.438
687,70.2,0.438
688,70.2,0.438
689,70.2,0.438
690,70.2,0.438
691,70.2,0.438
692,70.2,0.438
693,70.2,0.438
694,70.2,0.438
695,70.2,0.438
696,70.2,0.438
697,70.2,0.438
698,70.2,0.438
699,70.2,0.438
700,70.2,0.438
701,70.2,0.438
702,70.2,0.438
703,70.2,0.438
704,70.2,0.438
705,70.2,0.438
706,70.2,0.438
707,70.2,0.438
708,70.2,0.438
709,70.2,0.438
710,70.2,0.438
711,70.2,0.438
712,70.2,0.438
713,70.2,0.438
714,70.2,0.438
715,70.2,0.438
716,70.2,0.438
717,70.2,0.438
718,70.2,0.438
719,70.2,0.438
720,70.2,0.438
721,70.2,0.438
722,70.2,0.438
723,70.2,0.438
724,70.2,0.438
725,70.2,0.438
726,70.2,0.438
727,70.2,0.438
728,70.2,0.438
729,70.2,0.438
730,70.2,0.438
731,70.2,0.438
732,70.2,0.438
733,70.2,0.438
734,70.2,0.438
735,70.2,0.438
736,70.2,0.438
737,70.2,0.438
738,70.2,0.438
739,70.2,0.438
740,70.2,0.438
741,70.2,0.438
742,70.2,0.438
743,70.2,0.438
744,70.2,0.438
745,70.2,0.438
746,70.2,0.438
747,70.2,0.438
748,70.2,0.438
749,70.2,0.438
750,70.2,0.438
751,70.2,0.438
752,70.2,0.438
753,70.2,0.438
754,70.2,0.438
755,70.2,0.438
756,70.2,0.438
757,70.2,0.438
758,70.2,0.438
759,70.2,0.438
760,70.2,0.438
761,70.2,0.438
762,70.2,0.438
763,70.2,0.438
764,70.2,0.438
765,70.2,0.438
766,70.2,0.438
767,70.2,0.438
768,70.2,0.438
769,70.2,0.438
770,70.2,0.438
771,70.2,0.438
772,70.2,0.438
773,70.2,0.438
774,70.2,0.438
775,70.2,0.438
776,70.2,0.438
777,70.2,0.438
778,70.2,0.438
779,70.2,0.438
780,70.2,0.438
781,70.2,0.438
782,70.2,0.438
783,70.2,0.438
784,70.2,0.438
785,70.2,0.438
786,70.2,0.438
787,70.2,0.438
788,70.2,0.438
789,70.2,0.438
790,70.2,0.438
791,70.2,0.438
792,70.2,0.438
793,70.2,0.438
794,70.2,0.438
795,70.2,0.438
796,70.2,0.438
797,70.2,0.438
798,70.2,0.438
799,70.2,0.438
800,70.2,0.438
801,70.2,0.438
802,70.2,0.438
803,70.2,0.438
804,70.2,0.438
805,70.2,0.438
806,70.2,0.438
807,70.2,0.438
808,70.2,0.438
809,70.2,0.438
810,70.2,0.438
811,70.2,0.438
812,70.2,0.438
813,70.2,0.438
814,70.2,0.438
815,70.2,0.438
816,70.2,0.438
817,70.2,0.438
818,70.2,0.438
819,70.2,0.438
820,70.2,0.438
821,70.2,0.438
822,70.2,0.438
823,70.2,0.438
824,70.2,0.438
825,70.2,0.438
826,70.2,0.438
827,70.2,0.438
828,70.2,0.438
829,70.2,0.438
830,70.2,0.438
831,70.2,0.438
832,70.2,0.438
833,70.2,0.438
834,70.2,0.438
835,70.2,0.438
836,70.2,0.438
837,70.2,0.438
838,70.2,0.438
839,70.2,0.438
840,70.2,0.438
841,70.2,0.438
842,70.2,0.438
843,70.2,0.438
844,70.2,0.438
845,70.2,0.438
846,70.2,0.438
847,70.2,0.438
848,70.2,0.438
849,70.2,0.438
850,70.2,0.438
851,70.2,0.438
852,70.2,0.438
853,70.2,0.438
854,70.2,0.438
855,70.2,0.438
856,70.2,0.438
857,70.2,0.438
858,70.2,0.438
859,70.2,0.438
860,70.2,0.438
861,70.2,0.438
862,70.2,0.438
863,70.2,0.438
864,70.2,0.438
865,70.2,0.438
866,70.2,0.438
867,70.2,0.438
868,70.2,0.438
869,70.2,0.438
870,70.2,0.438
871,70.2,0.438
872,70.2,0.438
873,70.2,0.438
874,70.2,0.438
875,70.2,0.438
876,70.2,0.438
877,70.2,0.438
878,70.2,0.438
879,70.2,0.438
880,70.2,0.438
881,70.2,0.438
882,70.2,0.438
883,70.2,0.438
884,70.2,0.438
885,70.2,0.438
886,70.2,0.438
887,70.2,0.438
888,70.2,0.438
889,70.2,0.438
890,70.2,0.438
891,70.2,0.438
892,70.2,0.438
893,70.2,0.438
894,70.2,0.438
895,70.2,0.438
896,70.2,0.438
897,70.2,0.438
898,70.2,0.438
899,70.2,0.438
900,70.2,0.438
901,70.2,0.438
902,70.2,0.438
903,70.2,0.438
904,70.2,0.438
905,70.2,0.438
906,70.2,0.438
907,70.2,0.438
908,70.2,0.438
909,70.2,0.438
910,70.2,0.438
911,70.2,0.438
912,70.2,0.438
913,70.2,0.438
914,70.2,0.438
915,70.2,0.438
916,70.2,0.438
917,70.2,0.438
918,70.2,0.438
919,70.2,0.438
920,70.2,0.438
921,70.2,0.438
922,70.2,0.438
923,70.2,0.438
924,70.2,0.438
925,70.2,0.438
926,70.2,0.438
927,70.2,0.438
928,70.2,0.438
929,70.2,0.438
930,70.2,0.438
931,70.2,0.438
932,70.2,0.438
933,70.2,0.438
934,70.2,0.438
935,70.2,0.438
936,70.2,0.438
937,70.2,0.438
938,70.2,0.438
939,70.2,0.438
940,70.2,0.438
941,70.2,0.438
942,70.2,0.438
943,70.2,0.438
944,70.2,0.438
945,70.2,0.438
946,70.2,0.438
947,70.2,0.438
948,70.2,0.438
949,70.2,0.438
950,70.2,0.438
951,70.2,0.438
952,70.2,0.438
953,70.2,0.438
954,70.2,0.438
955,70.2,0.438
956,70.2,0.438
957,70.2,0.438
958,70.2,0.438
959,70.2,0.438
960,70.2,0.438
961,70.2,0.438
962,70.2,0.438
963,70.2,0.438
964,70.2,0.438
965,70.2,0.438
966,70.2,0.438
967,70.2,0.438
968,70.2,0.438
969,70.2,0.438
970,70.2,0.438
971,70.2,0.438
972,70.2,0.438
973,70.2,0.438
974,70.2,0.438
975,70.2,0.438
976,70.2,0.438
977,70.2,0.438
978,70.2,0.438
979,70.2,0.438
980,70.2,0.438
981,70.2,0.438
982,70.2,0.438
983,70.2,0.438
984,70.2,0.438
985,70.2,0.438
986,70.2,0.438
987,70.2,0.438
988,70.2,0.438
989,70.2,0.438
990,70.2,0.438
991,70.2,0.438
992,70.2,0.438
993,70.2,0.438
994,70.2,0.438
995,70.2,0.438
996,70.2,0.438
997,70.2,0.438
998,70.2,0.438
999,70.2,0.438
1000,70.2,0.438
1001,70.2,0.438
1002,70.2,0.438
1003,70.2,0.438
1004,70.2,0.438
1005,70.2,0.438
1006,70.2,0.438
1007,70.2,0.438
1008,70.2,0.438
1009,70.2,0.438
1010,70.2,0.438
1011,70.2,0.438
1012,70.2,0.438
1013,70.2,0.438
1014,70.2,0.438
1015,70.2,0.438
1016,70.2,0.438
1017,70.2,0.438
1018,70.2,0.438
1019,70.2,0.438
1020,70.2,0.438
1021,70.2,0.438
1022,70.2,0.438
1023,70.2,0.438
1024,70.2,0.438
1025,70.2,0.438
1026,70.2,0.438
1027,70.2,0.438
1028,70.2,0.438
1029,70.2,0.438
1030,70.2,0.438
1031,70.2,0.438
1032,70.2,0.438
1033,70.2,0.438
1034,70.2,0.438
1035,70.2,0.438
1036,70.2,0.438
1037,70.2,0.438
1038,70.2,0.438
1039,70.2,0.438
1040,70.2,0.438
1041,70.2,0.438
1042,70.2,0.438
1043,70.2,0.438
1044,70.2,0.438
1045,70.2,0.438
1046,70.2,0.438
1047,70.2,0.438
1048,70.2,0.438
1049,70.2,0.438
1050,70.2,0.438
1051,70.2,0.438
1052,70.2,0.438
1053,70.2,0.438
1054,70.2,0.438
1055,70.2,0.438
1056,70.2,0.438
1057,70.2,0.438
1058,70.2,0.438
1059,70.2,0.438
1060,70.2,0.438
1061,70.2,0.438
1062,70.2,0.438
1063,70.2,0.438
1064,70.2,0.438
1065,70.2,0.438
1066,70.2,0.438
1067,70.2,0.438
1068,70.2,0.438
1069,70.2,0.438
1070,70.2,0.438
1071,70.2,0.438
1072,70.2,0.438
1073,70.2,0.438
1074,70.2,0.438
1075,70.2,0.438
1076,70.2,0.438
1077,70.2,0.438
1078,70.2,0.438
1079,70.2,0.438
1080,70.2,0.438
1081,70.2,0.438
1082,70.2,0.438
1083,70.2,0.438
1084,70.2,0.438
1085,70.2,0.438
1086,70.2,0.438
1087,70.2,0.438
1088,70.2,0.438
1089,70.2,0.438
1090,70.2,0.438
1091,70.2,0.438
1092,70.2,0.438
1093,70.2,0.438
1094,70.2,0.438
1095,70.2,0.438
1096,70.2,0.438
1097,70.2,0.438
1098,70.2,0.438
1099,70.2,0.438
1100,70.2,0.438
1101,70.2,0.438
1102,70.2,0.438
1103,70.2,0.438
1104,70.2,0.438
1105,70.2,0.438
1106,70.2,0.438
1107,70.2,0.438
1108,70.2,0.438
1109,70.2,0.438
1110,70.2,0.438
1111,70.2,0.438
1112,70.2,0.438
1113,70.2,0.438
1114,70.2,0.438
1115,70.2,0.438
1116,70.2,0.438
1117,70.2,0.438
1118,70.2,0.438
1119,70.2,0.438
1120,70.2,0.438
1121,70.2,0.438
1122,70.2,0.438
1123,70.2,0.438
1124,70.2,0.438
1125,70.2,0.438
1126,70.2,0.438
1127,70.2,0.438
1128,70.2,0.438
1129,70.2,0.438
1130,70.2,0.438
1131,70.2,0.438
1132,70.2,0.438
1133,70.2,0.438
1134,70.2,0.438
1135,70.2,0.438
1136,70.2,0.438
1137,70.2,0.438
1138,70.2,0.438
1139,70.2,0.438
1140,70.2,0.438
1141,70.2,0.438
1142,70.2,0.438
1143,70.2,0.438
1144,70.2,0.438
1145,70.2,0.438
1146,70.2,0.438
1147,70.2,0.438
1148,70.2,0.438
1149,70.2,0.438
1150,70.2,0.438
1151,70.2,0.438
1152,70.2,0.438
1153,70.2,0.438
1154,70.2,0.438
1155,70.2,0.438
1156,70.2,0.438
1157,70.2,0.438
1158,70.2,0.438
1159,70.2,0.438
1160,70.2,0.438
1161,70.2,0.438
1162,70.2,0.438
1163,70.2,0.438
1164,70.2,0.438
1165,70.2,0.438
1166,70.2,0.438
1167,70.2,0.438
1168,70.2,0.438
1169,70.2,0.438
1170,70.2,0.438
1171,70.2,0.438
1172,70.2,0.438
1173,70.2,0.438
1174,70.2,0.438
1175,70.2,0.438
1176,70.2,0.438
1177,70.2,0.438
1178,70.2,0.438
1179,70.2,0.438
1180,70.2,0.438
1181,70.2,0.438
1182,70.2,0.438
1183,70.2,0.438
1184,70.2,0.438
1185,70.2,0.438
1186,70.2,0.438
1187,70.2,0.438
1188,70.2,0.438
1189,70.2,0.438
1190,70.2,0.438
1191,70.2,0.438
1192,70.2,0.438
1193,70.2,0.438
1194,70.2,0.438
1195,70.2,0.438
1196,70.2,0.438
1197,70.2,0.438
1198,70.2,0.438
1199,70.2,0.438
1200,70.2,0.438
1201,70.2,0.438
1202,70.2,0.438
1203,70.2,0.438
1204,70.2,0.438
1205,70.2,0.438
1206,70.2,0.438
1207,70.2,0.438
1208,70.2,0.438
1209,70.2,0.438
1210,70.2,0.438
1211,70.2,0.438
1212,70.2,0.438
1213,70.2,0.438
1214,70.2,0.438
1215,70.2,0.438
1216,70.2,0.438
1217,70.2,0.438
1218,70.2,0.438
1219,70.2,0.438
1220,70.2,0.438
1221,70.2,0.438
1222,70.2,0.438
1223,70.2,0.438
1224,70.2,0.438
1225,70.2,0.438
1226,70.2,0.438
1227,70.2,0.438
1228,70.2,0.438
1229,70.2,0.438
1230,70.2,0.438
1231,70.2,0.438
1232,70.2,0.438
1233,70.2,0.438
1234,70.2,0.438
1235,70.2,0.438
1236,70.2,0.438
1237,70.2,0.438
1238,70.2,0.438
1239,70.2,0.438
1240,70.2,0.438
1241,70.2,0.438
1242,70.2,0.438
1243,70.2,0.438
1244,70.2,0.438
1245,70.2,0.438
1246,70.2,0.438
1247,70.2,0.438
1248,70.2,0.438
1249,70.2,0.438
1250,70.2,0.438
1251,70.2,0.438
1252,70.2,0.438
1253,70.2,0.438
1254,70.2,0.438
1255,70.2,0.438
1256,70.2,0.438
1257,70.2,0.438
1258,70.2,0.438
1259,70.2,0.438
1260,70.2,0.438
1261,70.2,0.438
1262,70.2,0.438
1263,70.2,0.438
1264,70.2,0.438
1265,70.2,0.438
1266,70.2,0.438
1267,70.2,0.438
1268,70.2,0.438
1269,70.2,0.438
1270,70.2,0.438
1271,70.2,0.438
1272,70.2,0.438
1273,70.2,0.438
1274,70.2,0.438
1275,70.2,0.438
1276,70.2,0.438
1277,70.2,0.438
1278,70.2,0.438
1279,70.2,0.438
1280,70.2,0.438
1281,70.2,0.438
1282,70.2,0.438
1283,70.2,0.438
1284,70.2,0.438
1285,70.2,0.438
1286,70.2,0.438
1287,70.2,0.438
1288,70.2,0.438
1289,70.2,0.438
1290,70.2,0.438
1291,70.2,0.438
1292,70.2,0.438
1293,70.2,0.438
1294,70.2,0.438
1295,70.2,0.438
1296,70.2,0.438
1297,70.2,0.438
1298,70.2,0.438
1299,70.2,0.438
1300,70.2,0.438
1301,70.2,0.438
1302,70.2,0.438
1303,70.2,0.438
1304,70.2,0.438
1305,70.2,0.438
1306,70.2,0.438
1307,70.2,0.438
1308,70.2,0.438
1309,70.2,0.438
1310,70.2,0.438
1311,70.2,0.438
1312,70.2,0.438
1313,70.2,0.438
1314,70.2,0.438
1315,70.2,0.438
1316,70.2,0.438
1317,70.2,0.438
1318,70.2,0.438
1319,70.2,0.438
1320,70.2,0.438
1321,70.2,0.438
1322,70.2,0.438
1323,70.2,0.438
1324,70.2,0.438
1325,70.2,0.438
1326,70.2,0.438
1327,70.2,0.438
1328,70.2,0.438
1329,70.2,0.438
1330,70.2,0.438
1331,70.2,0.438
1332,70.2,0.438
1333,70.2,0.438
1334,70.2,0.438
1335,70.2,0.438
1336,70.2,0.438
1337,70.2,0.438
1338,70.2,0.438
1339,70.2,0.438
1340,70.2,0.438
1341,70.2,0.438
1342,70.2,0.438
1343,70.2,0.438
1344,70.2,0.438
1345,70.2,0.438
1346,70.2,0.438
1347,70.2,0.438
1348,70.2,0.438
1349,70.2,0.438
1350,70.2,0.438
1351,70.2,0.438
1352,70.2,0.438
1353,70.2,0.438
1354,70.2,0.438
1355,70.2,0.438
1356,70.2,0.438
1357,70.2,0.438
1358,70.2,0.438
1359,70.2,0.438
1360,70.2,0.438
1361,70.2,0.438
1362,70.2,0.438
1363,70.2,0.438
1364,70.2,0.438
1365,70.2,0.438
1366,70.2,0.438
1367,70.2,0.438
1368,70.2,0.438
1369,70.2,0.438
1370,70.2,0.438
1371,70.2,0.438
1372,70.2,0.438
1373,70.2,0.438
1374,70.2,0.438
1375,70.2,0.438
1376,70.2,0.438
1377,70.2,0.438
1378,70.2,0.438
1379,70.2,0.438
1380,70.2,0.438
1381,70.2,0.438
1382,70.2,0.438
1383,70.2,0.438
1384,70.2,0.438
1385,70.2,0.438
1386,70.2,0.438
1387,70.2,0.438
1388,70.2,0.438
1389,70.2,0.438
1390,70.2,0.438
1391,70.2,0.438
1392,70.2,0.438
1393,70.2,0.438
1394,70.2,0.438
1395,70.2,0.438
1396,70.2,0.438
1397,70.2,0.438
1398,70.2,0.438
1399,70.2,0.438
1400,70.2,0.438
1401,70.2,0.438
1402,70.2,0.438
1403,70.2,0.438
1404,70.2,0.438
1405,70.2,0.438
1406,70.2,0.438
1407,70.2,0.438
1408,70.2,0.438
1409,70.2,0.438
1410,70.2,0.438
1411,70.2,0.438
1412,70.2,0.438
1413,70.2,0.438
1414,70.2,0.438
1415,70.2,0.438
1416,70.2,0.438
1417,70.2,0.438
1418,70.2,0.438
1419,70.2,0.438
1420,70.2,0.438
1421,70.2,0.438
1422,70.2,0.438
1423,70.2,0.438
1424,70.2,0.438
1425,70.2,0.438
1426,70.2,0.438
1427,70.2,0.438
1428,70.2,0.438
1429,70.2,0.438
1430,70.2,0.438
1431,70.2,0.438
1432,70.2,0.438
1433,70.2,0.438
1434,70.2,0.438
1435,70.2,0.438
1436,70.2,0.438
1437,70.2,0.438
1438,70.2,0.438
1439,70.2,0.438
1440,70.2,0.438
1441,70.2,0.438
1442,70.2,0.438
1443,70.2,0.438
1444,70.2,0.438
1445,70.2,0.438
1446,70.2,0.438
1447,70.2,0.438
1448,70.2,0.438
1449,70.2,0.438
1450,70.2,0.438
1451,70.2,0.438
1452,70.2,0.438
1453,70.2,0.438
1454,70.2,0.438
1455,70.2,0.438
1456,70.2,0.438
1457,70.2,0.438
1458,70.2,0.438
1459,70.2,0.438
1460,70.2,0.438
1461,70.2,0.438
1462,70.2,0.438
1463,70.2,0.438
1464,70.2,0.438
1465,70.2,0.438
1466,70.2,0.438
1467,70.2,0.438
1468,70.2,0.438
1469,70.2,0.438
1470,70.2,0.438
1471,70.2,0.438
1472,70.2,0.438
1473,70.2,0.438
1474,70.2,0.438
1475,70.2,0.438
1476,70.2,0.438
1477,70.2,0.438
1478,70.2,0.438
1479,70.2,0.438
1480,70.2,0.438
1481,70.2,0.438
1482,70.2,0.438
1483,70.2,0.438
1484,70.2,0.438
1485,70.2,0.438
1486,70.2,0.438
1487,70.2,0.438
1488,70.2,0.438
1489,70.2,0.438
1490,70.2,0.438
1491,70.2,0.438
1492,70.2,0.438
1493,70.2,0.438
1494,70.2,0.438
1495,70.2,0.438
1496,70.2,0.438
1497,70.2,0.438
1498,70.2,0.438
1499,70.2,0.438
1500,70.2,0.438
1501,70.2,0.438
1502,70.2,0.438
1503,70.2,0.438
1504,70.2,0.438
1505,70.2,0.438
1506,70.2,0.438
1507,70.2,0.438
1508,70.2,0.438
1509,70.2,0.438
1510,70.2,0.438
1511,70.2,0.438
1512,70.2,0.438
1513,70.2,0.438
1514,70.2,0.438
1515,70.2,0.438
1516,70.2,0.438
1517,70.2,0.438
1518,70.2,0.438
1519,70.2,0.438
1520,70.2,0.438
1521,70.2,0.438
1522,70.2,0.438
1523,70.2,0.438
1524,70.2,0.438
1525,70.2,0.438
1526,70.2,0.438
1527,70.2,0.438
1528,70.2,0.438
1529,70.2,0.438
1530,70.2,0.438
1531,70.2,0.438
1532,70.2,0.438
1533,70.2,0.438
1534,70.2,0.438
1535,70.2,0.438
1536,70.2,0.438
1537,70.2,0.438
1538,70.2,0.438
1539,70.2,0.438
1540,70.2,0.438
1541,70.2,0.438
1542,70.2,0.438
1543,70.2,0.438
1544,70.2,0.438
1545,70.2,0.438
1546,70.2,0.438
1547,70.2,0.438
1548,70.2,0.438
1549,70.2,0.438
1550,70.2,0.438
1551,70.2,0.438
1552,70.2,0.438
1553,70.2,0.438
1554,70.2,0.438
1555,70.2,0.438
1556,70.2,0.438
1557,70.2,0.438
1558,70.2,0.438
1559,70.2,0.438
1560,70.2,0.438
1561,70.2,0.438
1562,70.2,0.438
1563,70.2,0.438
1564,70.2,0.438
1565,70.2,0.438
1566,70.2,0.438
1567,70.2,0.438
1568,70.2,0.438
1569,70.2,0.438
1570,70.2,0.438
1571,70.2,0.438
1572,70.2,0.438
1573,70.2,0.438
1574,70.2,0.438
1575,70.2,0.438
1576,70.2,0.438
1577,70.2,0.438
1578,70.2,0.438
1579,70.2,0.438
1580,70.2,0.438
1581,70.2,0.438
1582,70.2,0.438
1583,70.2,0.438
1584,70.2,0.438
1585,70.2,0.438
1586,70.2,0.438
1587,70.2,0.438
1588,70.2,0.438
1589,70.2,0.438
1590,70.2,0.438
1591,70.2,0.438
1592,70.2,0.438
1593,70.2,0.438
1594,70.2,0.438
1595,70.2,0.438
1596,70.2,0.438
1597,70.2,0.438
1598,70.2,0.438
1599,70.2,0.438
1600,70.2,0.438
1601,70.2,0.438
1602,70.2,0.438
1603,70.2,0.438
1604,70.2,0.438
1605,70.2,0.438
1606,70.2,0.438
1607,70.2,0.438
1608,70.2,0.438
1609,70.2,0.438
1610,70.2,0.438
1611,70.2,0.438
1612,70.2,0.438
1613,70.2,0.438
1614,70.2,0.438
1615,70.2,0.438
1616,70.2,0.438
1617,70.2,0.438
1618,70.2,0.438
1619,70.2,0.438
1620,70.2,0.438
1621,70.2,0.438
1622,70.2,0.438
1623,70.2,0.438
1624,70.2,0.438
1625,70.2,0.438
1626,70.2,0.438
1627,70.2,0.438
1628,70.2,0.438
1629,70.2,0.438
1630,70.2,0.438
1631,70.2,0.438
1632,70.2,0.438
1633,70.2,0.438
1634,70.2,0.438
1635,70.2,0.438
1636,70.2,0.438
1637,70.2,0.438
1638,70.2,0.438
1639,70.2,0.438
1640,70.2,0.438
1641,70.2,0.438
1642,70.2,0.438
1643,70.2,0.438
1644,70.2,0.438
1645,70.2,0.438
1646,70.2,0.438
1647,70.2,0.438
1648,70.2,0.438
1649,70.2,0.438
1650,70.2,0.438
1651,70.2,0.438
1652,70.2,0.438
1653,70.2,0.438
1654,70.2,0.438
1655,70.2,0.438
1656,70.2,0.438
1657,70.2,0.438
1658,70.2,0.438
1659,70.2,0.438
1660,70.2,0.438
1661,70.2,0.438
1662,70.2,0.438
1663,70.2,0.438
1664,70.2,0.438
1665,70.2,0.438
1666,70.2,0.438
1667,70.2,0.438
1668,70.2,0.438
1669,70.2,0.438
1670,70.2,0.438
1671,70.2,0.438
1672,70.2,0.438
1673,70.2,0.438
1674,70.2,0.438
1675,70.2,0.438
1676,70.2,0.438
1677,70.2,0.438
1678,70.2,0.438
1679,70.2,0.438
1680,70.2,0.438
1681,70.2,0.438
1682,70.2,0.438
1683,70.2,0.438
1684,70.2,0.438
1685,70.2,0.438
1686,70.2,0.438
1687,70.2,0.438
1688,70.2,0.438
1689,70.2,0.438
1690,70.2,0.438
1691,70.2,0.438
1692,70.2,0.438
1693,70.2,0.438
1694,70.2,0.438
1695,70.2,0.438
1696,70.2,0.438
1697,70.2,0.438
1698,70.2,0.438
1699,70.2,0.438
1700,70.2,0.438
1701,70.2,0.438
1702,70.2,0.438
1703,70.2,0.438
1704,70.2,0.438
1705,70.2,0.438
1706,70.2,0.438
1707,70.2,0.438
1708,70.2,0.438
1709,70.2,0.438
1710,70.2,0.438
1711,70.2,0.438
1712,70.2,0.438
1713,70.2,0.438
1714,70.2,0.438
1715,70.2,0.438
1716,70.2,0.438
1717,70.2,0.438
1718,70.2,0.438
1719,70.2,0.438
1720,70.2,0.438
1721,70.2,0.438
1722,70.2,0.438
1723,70.2,0.438
1724,70.2,0.438
1725,70.2,0.438
1726,70.2,0.438
1727,70.2,0.438
1728,70.2,0.438
1729,70.2,0.438
1730,70.2,0.438
1731,70.2,0.438
1732,70.2,0.438
1733,70.2,0.438
1734,70.2,0.438
1735,70.2,0.438
1736,70.2,0.438
1737,70.2,0.438
1738,70.2,0.438
1739,70.2,0.438
1740,70.2,0.438
1741,70.2,0.438
1742,70.2,0.438
1743,70.2,0.438
1744,70.2,0.438
1745,70.2,0.438
1746,70.2,0.438
1747,70.2,0.438
1748,70.2,0.438
1749,70.2,0.438
1750,70.2,0.438
1751,70.2,0.438
1752,70.2,0.438
1753,70.2,0.438
1754,70.2,0.438
1755,70.2,0.438
1756,70.2,0.438
1757,70.2,0.438
1758,70.2,0.438
1759,70.2,0.438
1760,70.2,0.438
1761,70.2,0.438
1762,70.2,0.438
1763,70.2,0.438
1764,70.2,0.438
1765,70.2,0.438
1766,70.2,0.438
1767,70.2,0.438
1768,70.2,0.438
1769,70.2,0.438
1770,70.2,0.438
1771,70.2,0.438
1772,70.2,0.438
1773,70.2,0.438
1774,70.2,0.438
1775,70.2,0.438
1776,70.2,0.438
1777,70.2,0.438
1778,70.2,0.438
1779,70.2,0.438
1780,70.2,0.438
1781,70.2,0.438
1782,70.2,0.438
1783,70.2,0.438
1784,70.2,0.438
1785,70.2,0.438
1786,70.2,0.438
1787,70.2,0.438
1788,70.2,0.438
1789,70.2,0.438
1790,70.2,0.438
1791,70.2,0.438
1792,70.2,0.438
1793,70.2,0.438
1794,70.2,0.438
1795,70.2,0.438
1796,70.2,0.438
1797,70.2,0.438
1798,70.2,0.438
1799,70.2,0.438
1800,70.2,0.438
1801,70.2,0.438
1802,70.2,0.438
1803,70.2,0.438
1804,70.2,0.438
1805,70.2,0.438
1806,70.2,0.438
1807,70.2,0.438
1808,70.2,0.438
1809,70.2,0.438
1810,70.2,0.438
1811,70.2,0.438
1812,70.2,0.438
1813,70.2,0.438
1814,70.2,0.438
1815,70.2,0.438
1816,70.2,0.438
1817,70.2,0.438
1818,70.2,0.438
1819,70.2,0.438
1820,70.2,0.438
1821,70.2,0.438
1822,70.2,0.438
1823,70.2,0.438
1824,70.2,0.438
1825,70.2,0.438
1826,70.2,0.438
1827,70.2,0.438
1828,70.2,0.438
1829,70.2,0.438
1830,70.2,0.438
1831,70.2,0.438
1832,70.2,0.438
1833,70.2,0.438
1834,70.2,0.438
1835,70.2,0.438
1836,70.2,0.438
1837,70.2,0.438
1838,70.2,0.438
1839,70.2,0.438
1840,70.2,0.438
1841,70.2,0.438
1842,70.2,0.438
1843,70.2,0.438
1844,70.2,0.438
1845,70.2,0.438
1846,70.2,0.438
1847,70.2,0.438
1848,70.2,0.438
1849,70.2,0.438
1850,70.2,0.438
1851,70.2,0.438
1852,70.2,0.438
1853,70.2,0.438
1854,70.2,0.438
1855,70.2,0.438
1856,70.2,0.438
1857,70.2,0.438
1858,70.2,0.438
1859,70.2,0.438
1860,70.2,0.438
1861,70.2,0.438
1862,70.2,0.438
1863,70.2,0.438
1864,70.2,0.438
1865,70.2,0.438
1866,70.2,0.438
1867,70.2,0.438
1868,70.2,0.438
1869,70.2,0.438
1870,70.2,0.438
1871,70.2,0.438
1872,70.2,0.438
1873,70.2,0.438
1874,70.2,0.438
1875,70.2,0.438
1876,70.2,0.438
1877,70.2,0.438
1878,70.2,0.438
1879,70.2,0.438
1880,70.2,0.438
1881,70.2,0.438
1882,70.2,0.438
1883,70.2,0.438
1884,70.2,0.438
1885,70.2,0.438
1886,70.2,0.438
1887,70.2,0.438
1888,70.2,0.438
1889,70.2,0.438
1890,70.2,0.438
1891,70.2,0.438
1892,70.2,0.438
1893,70.2,0.438
1894,70.2,0.438
1895,70.2,0.438
1896,70.2,0.438
1897,70.2,0.438
1898,70.2,0.438
1899,70.2,0.438
1900,70.2,0.438
1901,70.2,0.438
1902,70.2,0.438
1903,70.2,0.438
1904,70.2,0.438
1905,70.2,0.438
1906,70.2,0.438
1907,70.2,0.438
1908,70.2,0.438
1909,70.2,0.438
1910,70.2,0.438
1911,70.2,0.438
1912,70.2,0.438
1913,70.2,0.438
1914,70.2,0.438
1915,70.2,0.438
1916,70.2,0.438
1917,70.2,0.438
1918,70.2,0.438
1919,70.2,0.438
1920,70.2,0.438
1921,70.2,0.438
1922,70.2,0.438
1923,70.2,0.438
1924,70.2,0.438
1925,70.2,0.438
1926,70.2,0.438
1927,70.2,0.438
1928,70.2,0.438
1929,70.2,0.438
1930,70.2,0.438
1931,70.2,0.438
1932,70.2,0.438
1933,70.2,0.438
1934,70.2,0.438
1935,70.2,0.438
1936,70.2,0.438
1937,70.2,0.438
1938,70.2,0.438
1939,70.2,0.438
1940,70.2,0.438
1941,70.2,0.438
1942,70.2,0.438
1943,70.2,0.438
1944,70.2,0.438
1945,70.2,0.438
1946,70.2,0.438
1947,70.2,0.438
1948,70.2,0.438
1949,70.2,0.438
1950,70.2,0.438
1951,70.2,0.438
1952,70.2,0.438
1953,70.2,0.438
1954,70.2,0.438
1955,70.2,0.438
1956,70.2,0.438
1957,70.2,0.438
1958,70.2,0.438
1959,70.2,0.438
1960,70.2,0.438
1961,70.2,0.438
1962,70.2,0.438
1963,70.2,0.438
1964,70.2,0.438
1965,70.2,0.438
1966,70.2,0.438
1967,70.2,0.438
1968,70.2,0.438
1969,70.2,0.438
1970,70.2,0.438
1971,70.2,0.438
1972,70.2,0.438
1973,70.2,0.438
1974,70.2,0.438
1975,70.2,0.438
1976,70.2,0.438
1977,70.2,0.438
1978,70.2,0.438
1979,70.2,0.438
1980,70.2,0.438
1981,70.2,0.438
1982,70.2,0.438
1983,70.2,0.438
1984,70.2,0.438
1985,70.2,0.438
1986,70.2,0.438
1987,70.2,0.438
1988,70.2,0.438
1989,70.2,0.438
1990,70.2,0.438
1991,70.2,0.438
1992,70.2,0.438
1993,70.2,0.438
1994,70.2,0.438
1995,70.2,0.438
1996,70.2,0.438
1997,70.2,0.438
1998,70.2,0.438
1999,70.2,0.438
2000,70.2,0.438
2001,70.2,0.438
2002,70.2,0.438
2003,70.2,0.438
2004,70.2,0.438
2005,70.2,0.438
2006,70.2,0.438
2007,70.2,0.438
2008,70.2,0.438
2009,70.2,0.438
2010,70.2,0.438
2011,70.2,0.438
2012,70.2,0.438
2013,70.2,0.438
2014,70.2,0.438
2015,70.2,0.438
2016,70.2,0.438
2017,70.2,0.438
2018,70.2,0.438
2019,70.2,0.438
2020,70.2,0.438
2021,70.2,0.438
2022,70.2,0.438
2023,70.2,0.438
2024,70.2,0.438
2025,70.2,0.438
2026,70.2,0.438
2027,70.2,0.438
2028,70.2,0.438
2029,70.2,0.438
2030,70.2,0.438
2031,70.2,0.438
2032,70.2,0.438
2033,70.2,0.438
2034,70.2,0.438
2035,70.2,0.438
2036,70.2,0.438
2037,70.2,0.438
2038,70.2,0.438
2039,70.2,0.438
2040,70.2,0.438
2041,70.2,0.438
2042,70.2,0.438
2043,70.2,0.438
2044,70.2,0.438
2045,70.2,0.438
2046,70.2,0.438
2047,70.2,0.438
2048,70.2,0.438
2049,70.2,0.438
2050,70.2,0.438
2051,70.2,0.438
2052,70.2,0.438
2053,70.2,0.438
2054,70.2,0.438
2055,70.2,0.438
2056,70.2,0.438
2057,70.2,0.438
2058,70.2,0.438
2059,70.2,0.438
2060,70.2,0.438
2061,70.2,0.438
2062,70.2,0.438
2063,70.2,0.438
2064,70.2,0.438
2065,70.2,0.438
2066,70.2,0.438
2067,70.2,0.438
2068,70.2,0.438
2069,70.2,0.438
2070,70.2,0.438
2071,70.2,0.438
2072,70.2,0.438
2073,70.2,0.438
2074,70.2,0.438
2075,70.2,0.438
2076,70.2,0.438
2077,70.2,0.438
2078,70.2,0.438
2079,70.2,0.438
2080,70.2,0.438
2081,70.2,0.438
2082,70.2,0.438
2083,70.2,0.438
2084,70.2,0.438
2085,70.2,0.438
2086,70.2,0.438
2087,70.2,0.438
2088,70.2,0.438
2089,70.2,0.438
2090,70.2,0.438
2091,70.2,0.438
2092,70.2,0.438
2093,70.2,0.438
2094,70.2,0.438
2095,70.2,0.438
2096,70.2,0.438
2097,70.2,0.438
2098,70.2,0.438
2099,70.2,0.438
2100,70.2,0.438
2101,70.2,0.438
2102,70.2,0.438
2103,70.2,0.438
2104,70.2,0.438
2105,70.2,0.438
2106,70.2,0.438
2107,70.2,0.438
2108,70.2,0.438
2109,70.2,0.438
2110,70.2,0.438
2111,70.2,0.438
2112,70.2,0.438
2113,70.2,0.438
2114,70.2,0.438
2115,70.2,0.438
2116,70.2,0.438
2117,70.2,0.438
2118,70.2,0.438
2119,70.2,0.438
2120,70.2,0.438
2121,70.2,0.438
2122,70.2,0.438
2123,70.2,0.438
2124,70.2,0.438
2125,70.2,0.438
2126,70.2,0.438
2127,70.2,0.438
2128,70.2,0.438
2129,70.2,0.438
2130,70.2,0.438
2131,70.2,0.438
2132,70.2,0.438
2133,70.2,0.438
2134,70.2,0.438
2135,70.2,0.438
2136,70.2,0.438
2137,70.2,0.438
2138,70.2,0.438
2139,70.2,0.438
2140,70.2,0.438
2141,70.2,0.438
2142,70.2,0.438
2143,70.2,0.438
2144,70.2,0.438
2145,70.2,0.438
2146,70.2,0.438
2147,70.2,0.438
2148,70.2,0.438
2149,70.2,0.438
2150,70.2,0.438
2151,70.2,0.438
2152,70.2,0.438
2153,70.2,0.438
2154,70.2,0.438
2155,70.2,0.438
2156,70.2,0.438
2157,70.2,0.438
2158,70.2,0.438
2159,70.2,0.438
2160,70.2,0.438
2161,70.2,0.438
2162,70.2,0.438
2163,70.2,0.438
2164,70.2,0.438
2165,70.2,0.438
2166,70.2,0.438
2167,70.2,0.438
2168,70.2,0.438
2169,70.2,0.438
2170,70.2,0.438
2171,70.2,0.438
2172,70.2,0.438
2173,70.2,0.438
2174,70.2,0.438
2175,70.2,0.438
2176,70.2,0.438
2177,70.2,0.438
2178,70.2,0.438
2179,70.2,0.438
2180,70.2,0.438
2181,70.2,0.438
2182,70.2,0.438
2183,70.2,0.438
2184,70.2,0.438
2185,70.2,0.438
2186,70.2,0.438
2187,70.2,0.438
2188,70.2,0.438
2189,70.2,0.438
2190,70.2,0.438
2191,70.2,0.438
2192,70.2,0.438
2193,70.2,0.438
2194,70.2,0.438
2195,70.2,0.438
2196,70.2,0.438
2197,70.2,0.438
2198,70.2,0.438
2199,70.2,0.438
2200,70.2,0.438
2201,70.2,0.438
2202,70.2,0.438
2203,70.2,0.438
2204,70.2,0.438
2205,70.2,0.438
2206,70.2,0.438
2207,70.2,0.438
2208,70.2,0.438
2209,70.2,0.438
2210,70.2,0.438
2211,70.2,0.438
2212,70.2,0.438
2213,70.2,0.438
2214,70.2,0.438
2215,70.2,0.438
2216,70.2,0.438
2217,70.2,0.438
2218,70.2,0.438
2219,70.2,0.438
2220,70.2,0.438
2221,70.2,0.438
2222,70.2,0.438
2223,70.2,0.438
2224,70.2,0.438
2225,70.2,0.438
2226,70.2,0.438
2227,70.2,0.438
2228,70.2,0.438
2229,70.2,0.438
2230,70.2,0.438
2231,70.2,0.438
2232,70.2,0.438
2233,70.2,0.438
2234,70.2,0.438
2235,70.2,0.438
2236,70.2,0.438
2237,70.2,0.438
2238,70.2,0.438
2239,70.2,0.438
2240,70.2,0.438
2241,70.2,0.438
2242,70.2,0.438
2243,70.2,0.438
2244,70.2,0.438
2245,70.2,0.438
2246,70.2,0.438
2247,70.2,0.438
2248,70.2,0.438
2249,70.2,0.438
2250,70.2,0.438
2251,70.2,0.438
2252,70.2,0.438
2253,70.2,0.438
2254,70.2,0.438
2255,70.2,0.438
2256,70.2,0.438
2257,70.2,0.438
2258,70.2,0.438
2259,70.2,0.438
2260,70.2,0.438
2261,70.2,0.438
2262,70.2,0.438
2263,70.2,0.438
2264,70.2,0.438
2265,70.2,0.438
2266,70.2,0.438
2267,70.2,0.438
2268,70.2,0.438
2269,70.2,0.438
2270,70.2,0.438
2271,70.2,0.438
2272,70.2,0.438
2273,70.2,0.438
2274,70.2,0.438
2275,70.2,0.438
2276,70.2,0.438
2277,70.2,0.438
2278,70.2,0.438
2279,70.2,0.438
2280,70.2,0.438
2281,70.2,0.438
2282,70.2,0.438
2283,70.2,0.438
2284,70.2,0.438
2285,70.2,0.438
2286,70.2,0.438
2287,70.2,0.438
2288,70.2,0.438
2289,70.2,0.438
2290,70.2,0.438
2291,70.2,0.438
2292,70.2,0.438
2293,70.2,0.438
2294,70.2,0.438
2295,70.2,0.438
2296,70.2,0.438
2297,70.2,0.438
2298,70.2,0.438
2299,70.2,0.438
2300,70.2,0.438
2301,70.2,0.438
2302,70.2,0.438
2303,70.2,0.438
2304,70.2,0.438
2305,70.2,0.438
2306,70.2,0.438
2307,70.2,0.438
2308,70.2,0.438
2309,70.2,0.438
2310,70.2,0.438
2311,70.2,0.438
2312,70.2,0.438
2313,70.2,0.438
2314,70.2,0.438
2315,70.2,0.438
2316,70.2,0.438
2317,70.2,0.438
2318,70.2,0.438
2319,70.2,0.438
2320,70.2,0.438
2321,70.2,0.438
2322,70.2,0.438
2323,70.2,0.438
2324,70.2,0.438
2325,70.2,0.438
2326,70.2,0.438
2327,70.2,0.438
2328,70.2,0.438
2329,70.2,0.438
2330,70.2,0.438
2331,70.2,0.438
2332,70.2,0.438
2333,70.2,0.438
2334,70.2,0.438
2335,70.2,0.438
2336,70.2,0.438
2337,70.2,0.438
2338,70.2,0.438
2339,70.2,0.438
2340,70.2,0.438
2341,70.2,0.438
2342,70.2,0.438
2343,70.2,0.438
2344,70.2,0.438
2345,70.2,0.438
2346,70.2,0.438
2347,70.2,0.438
2348,70.2,0.438
2349,70.2,0.438
2350,70.2,0.438
2351,70.2,0.438
2352,70.2,0.438
2353,70.2,0.438
2354,70.2,0.438
2355,70.2,0.438
2356,70.2,0.438
2357,70.2,0.438
2358,70.2,0.438
2359,70.2,0.438
2360,70.2,0.438
2361,70.2,0.438
2362,70.2,0.438
2363,70.2,0.438
2364,70.2,0.438
2365,70.2,0.438
2366,70.2,0.438
2367,70.2,0.438
2368,70.2,0.438
2369,70.2,0.438
2370,70.2,0.438
2371,70.2,0.438
2372,70.2,0.438
2373,70.2,0.438
2374,70.2,0.438
2375,70.2,0.438
2376,70.2,0.438
2377,70.2,0.438
2378,70.2,0.438
2379,70.2,0.438
2380,70.2,0.438
2381,70.2,0.438
2382,70.2,0.438
2383,70.2,0.438
2384,70.2,0.438
2385,70.2,0.438
2386,70.2,0.438
2387,70.2,0.438
2388,70.2,0.438
2389,70.2,0.438
2390,70.2,0.438
2391,70.2,0.438
2392,70.2,0.438
2393,70.2,0.438
2394,70.2,0.438
2395,70.2,0.438
2396,70.2,0.438
2397,70.2,0.438
2398,70.2,0.438
2399,70.2,0.438
2400,70.2,0.438
2401,70.2,0.438
2402,70.2,0.438
2403,70.2,0.438
2404,70.2,0.438
2405,70.2,0.438
2406,70.2,0.438
2407,70.2,0.438
2408,70.2,0.438
2409,70.2,0.438
2410,70.2,0.438
2411,70.2,0.438
2412,70.2,0.438
2413,70.2,0.438
2414,70.2,0.438
2415,70.2,0.438
2416,70.2,0.438
2417,70.2,0.438
2418,70.2,0.438
2419,70.2,0.438
2420,70.2,0.438
2421,70.2,0.438
2422,70.2,0.438
2423,70.2,0.438
2424,70.2,0.438
2425,70.2,0.438
2426,70.2,0.438
2427,70.2,0.438
2428,70.2,0.438
2429,70.2,0.438
2430,70.2,0.438
2431,70.2,0.438
2432,70.2,0.438
2433,70.2,0.438
2434,70.2,0.438
2435,70.2,0.438
2436,70.2,0.438
2437,70.2,0.438
2438,70.2,0.438
2439,70.2,0.438
2440,70.2,0.438
2441,70.2,0.438
2442,70.2,0.438
2443,70.2,0.438
2444,70.2,0.438
2445,70.2,0.438
2446,70.2,0.438
2447,70.2,0.438
2448,70.2,0.438
2449,70.2,0.438
2450,70.2,0.438
2451,70.2,0.438
2452,70.2,0.438
2453,70.2,0.438
2454,70.2,0.438
2455,70.2,0.438
2456,70.2,0.438
2457,70.2,0.438
2458,70.2,0.438
2459,70.2,0.438
2460,70.2,0.438
2461,70.2,0.438
2462,70.2,0.438
2463,70.2,0.438
2464,70.2,0.438
2465,70.2,0.438
2466,70.2,0.438
2467,70.2,0.438
2468,70.2,0.438
2469,70.2,0.438
2470,70.2,0.438
2471,70.2,0.438
2472,70.2,0.438
2473,70.2,0.438
2474,70.2,0.438
2475,70.2,0.438
2476,70.2,0.438
2477,70.2,0.438
2478,70.2,0.438
2479,70.2,0.438
2480,70.2,0.438
2481,70.2,0.438
2482,70.2,0.438
2483,70.2,0.438
2484,70.2,0.438
2485,70.2,0.438
2486,70.2,0.438
2487,70.2,0.438
2488,70.2,0.438
2489,70.2,0.438
2490,70.2,0.438
2491,70.2,0.438
2492,70.2,0.438
2493,70.2,0.438
2494,70.2,0.438
2495,70.2,0.438
2496,70.2,0.438
2497,70.2,0.438
2498,70.2,0.438
2499,70.2,0.438
2500,70.2,0.438
2501,70.2,0.438
2502,70.2,0.438
2503,70.2,0.438
2504,70.2,0.438
2505,70.2,0.438
2506,70.2,0.438
2507,70.2,0.438
2508,70.2,0.438
2509,70.2,0.438
2510,70.2,0.438
2511,70.2,0.438
2512,70.2,0.438
2513,70.2,0.438
2514,70.2,0.438
2515,70.2,0.438
2516,70.2,0.438
2517,70.2,0.438
2518,70.2,0.438
2519,70.2,0.438
2520,70.2,0.438
2521,70.2,0.438
2522,70.2,0.438
2523,70.2,0.438
2524,70.2,0.438
2525,70.2,0.438
2526,70.2,0.438
2527,70.2,0.438
2528,70.2,0.438
2529,70.2,0.438
2530,70.2,0.438
2531,70.2,0.438
2532,70.2,0.438
2533,70.2,0.438
2534,70.2,0.438
2535,70.2,0.438
2536,70.2,0.438
2537,70.2,0.438
2538,70.2,0.438
2539,70.2,0.438
2540,70.2,0.438
2541,70.2,0.438
2542,70.2,0.438
2543,70.2,0.438
2544,70.2,0.438
2545,70.2,0.438
2546,70.2,0.438
2547,70.2,0.438
2548,70.2,0.438
2549,70.2,0.438
2550,70.2,0.438
2551,70.2,0.438
2552,70.2,0.438
2553,70.2,0.438
2554,70.2,0.438
2555,70.2,0.438
2556,70.2,0.438
2557,70.2,0.438
2558,70.2,0.438
2559,70.2,0.438
2560,70.2,0.438
2561,70.2,0.438
2562,70.2,0.438
2563,70.2,0.438
2564,70.2,0.438
2565,70.2,0.438
2566,70.2,0.438
2567,70.2,0.438
2568,70.2,0.438
2569,70.2,0.438
2570,70.2,0.438
2571,70.2,0.438
2572,70.2,0.438
2573,70.2,0.438
2574,70.2,0.438
2575,70.2,0.438
2576,70.2,0.438
2577,70.2,0.438
2578,70.2,0.438
2579,70.2,0.438
2580,70.2,0.438
2581,70.2,0.438
2582,70.2,0.438
2583,70.2,0.438
2584,70.2,0.438
2585,70.2,0.438
2586,70.2,0.438
2587,70.2,0.438
2588,70.2,0.438
2589,70.2,0.438
2590,70.2,0.438
2591,70.2,0.438
2592,70.2,0.438
2593,70.2,0.438
2594,70.2,0.438
2595,70.2,0.438
2596,70.2,0.438
2597,70.2,0.438
2598,70.2,0.438
2599,70.2,0.438
2600,70.2,0.438
2601,70.2,0.438
2602,70.2,0.438
2603,70.2,0.438
2604,70.2,0.438
2605,70.2,0.438
2606,70.2,0.438
2607,70.2,0.438
2608,70.2,0.438
2609,70.2,0.438
2610,70.2,0.438
2611,70.2,0.438
2612,70.2,0.438
2613,70.2,0.438
2614,70.2,0.438
2615,70.2,0.438
2616,70.2,0.438
2617,70.2,0.438
2618,70.2,0.438
2619,70.2,0.438
2620,70.2,0.438
2621,70.2,0.438
2622,70.2,0.438
2623,70.2,0.438
2624,70.2,0.438
2625,70.2,0.438
2626,70.2,0.438
2627,70.2,0.438
2628,70.2,0.438
2629,70.2,0.438
2630,70.2,0.438
2631,70.2,0.438
2632,70.2,0.438
2633,70.2,0.438
2634,70.2,0.438
2635,70.2,0.438
2636,70.2,0.438
2637,70.2,0.438
2638,70.2,0.438
2639,70.2,0.438
2640,70.2,0.438
2641,70.2,0.438
2642,70.2,0.438
2643,70.2,0.438
2644,70.2,0.438
2645,70.2,0.438
2646,70.2,0.438
2647,70.2,0.438
2648,70.2,0.438
2649,70.2,0.438
2650,70.2,0.438
2651,70.2,0.438
2652,70.2,0.438
2653,70.2,0.438
2654,70.2,0.438
2655,70.2,0.438
2656,70.2,0.438
2657,70.2,0.438
2658,70.2,0.438
2659,70.2,0.438
2660,70.2,0.438
2661,70.2,0.438
2662,70.2,0.438
2663,70.2,0.438
2664,70.2,0.438
2665,70.2,0.438
2666,70.2,0.438
2667,70.2,0.438
2668,70.2,0.438
2669,70.2,0.438
2670,70.2,0.438
2671,70.2,0.438
2672,70.2,0.438
2673,70.2,0.438
2674,70.2,0.438
2675,70.2,0.438
2676,70.2,0.438
2677,70.2,0.438
2678,70.2,0.438
2679,70.2,0.438
2680,70.2,0.438
2681,70.2,0.438
2682,70.2,0.438
2683,70.2,0.438
2684,70.2,0.438
2685,70.2,0.438
2686,70.2,0.438
2687,70.2,0.438
2688,70.2,0.438
2689,70.2,0.438
2690,70.2,0.438
2691,70.2,0.438
2692,70.2,0.438
2693,70.2,0.438
2694,70.2,0.438
2695,70.2,0.438
2696,70.2,0.438
2697,70.2,0.438
2698,70.2,0.438
2699,70.2,0.438
2700,70.2,0.438
2701,70.2,0.438
2702,70.2,0.438
2703,70.2,0.438
2704,70.2,0.438
2705,70.2,0.438
2706,70.2,0.438
2707,70.2,0.438
2708,70.2,0.438
2709,70.2,0.438
2710,70.2,0.438
2711,70.2,0.438
2712,70.2,0.438
2713,70.2,0.438
2714,70.2,0.438
2715,70.2,0.438
2716,70.2,0.438
2717,70.2,0.438
2718,70.2,0.438
2719,70.2,0.438
2720,70.2,0.438
2721,70.2,0.438
2722,70.2,0.438
2723,70.2,0.438
2724,70.2,0.438
2725,70.2,0.438
2726,70.2,0.438
2727,70.2,0.438
2728,70.2,0.438
2729,70.2,0.438
2730,70.2,0.438
2731,70.2,0.438
2732,70.2,0.438
2733,70.2,0.438
2734,70.2,0.438
2735,70.2,0.438
2736,70.2,0.438
2737,70.2,0.438
2738,70.2,0.438
2739,70.2,0.438
2740,70.2,0.438
2741,70.2,0.438
2742,70.2,0.438
2743,70.2,0.438
2744,70.2,0.438
2745,70.2,0.438
2746,70.2,0.438
2747,70.2,0.438
2748,70.2,0.438
2749,70.2,0.438
2750,70.2,0.438
2751,70.2,0.438
2752,70.2,0.438
2753,70.2,0.438
2754,70.2,0.438
2755,70.2,0.438
2756,70.2,0.438
2757,70.2,0.438
2758,70.2,0.438
2759,70.2,0.438
2760,70.2,0.438
2761,70.2,0.438
2762,70.2,0.438
2763,70.2,0.438
2764,70.2,0.438
2765,70.2,0.438
2766,70.2,0.438
2767,70.2,0.438
2768,70.2,0.438
2769,70.2,0.438
2770,70.2,0.438
2771,70.2,0.438
2772,70.2,0.438
2773,70.2,0.438
2774,70.2,0.438
2775,70.2,0.438
2776,70.2,0.438
2777,70.2,0.438
2778,70.2,0.438
2779,70.2,0.438
2780,70.2,0.438
2781,70.2,0.438
2782,70.2,0.438
2783,70.2,0.438
2784,70.2,0.438
2785,70.2,0.438
2786,70.2,0.438
2787,70.2,0.438
2788,70.2,0.438
2789,70.2,0.438
2790,70.2,0.438
2791,70.2,0.438
2792,70.2,0.438
2793,70.2,0.438
2794,70.2,0.438
2795,70.2,0.438
2796,70.2,0.438
2797,70.2,0.438
2798,70.2,0.438
2799,70.2,0.438
2800,70.2,0.438
2801,70.2,0.438
2802,70.2,0.438
2803,70.2,0.438
2804,70.2,0.438
2805,70.2,0.438
2806,70.2,0.438
2807,70.2,0.438
2808,70.2,0.438
2809,70.2,0.438
2810,70.2,0.438
2811,70.2,0.438
2812,70.2,0.438
2813,70.2,0.438
2814,70.2,0.438
2815,70.2,0.438
2816,70.2,0.438
2817,70.2,0.438
2818,70.2,0.438
2819,70.2,0.438
2820,70.2,0.438
2821,70.2,0.438
2822,70.2,0.438
2823,70.2,0.438
2824,70.2,0.438
2825,70.2,0.438
2826,70.2,0.438
2827,70.2,0.438
2828,70.2,0.438
2829,70.2,0.438
2830,70.2,0.438
2831,70.2,0.438
2832,70.2,0.438
2833,70.2,0.438
2834,70.2,0.438
2835,70.2,0.438
2836,70.2,0.438
2837,70.2,0.438
2838,70.2,0.438
2839,70.2,0.438
2840,70.2,0.438
2841,70.2,0.438
2842,70.2,0.438
2843,70.2,0.438
2844,70.2,0.438
2845,70.2,0.438
2846,70.2,0.438
2847,70.2,0.438
2848,70.2,0.438
2849,70.2,0.438
2850,70.2,0.438
2851,70.2,0.438
2852,70.2,0.438
2853,70.2,0.438
2854,70.2,0.438
2855,70.2,0.438
2856,70.2,0.438
2857,70.2,0.438
2858,70.2,0.438
2859,70.2,0.438
2860,70.2,0.438
2861,70.2,0.438
2862,70.2,0.438
2863,70.2,0.438
2864,70.2,0.438
2865,70.2,0.438
2866,70.2,0.438
2867,70.2,0.438
2868,70.2,0.438
2869,70.2,0.438
2870,70.2,0.438
2871,70.2,0.438
2872,70.2,0.438
2873,70.2,0.438
2874,70.2,0.438
2875,70.2,0.438
2876,70.2,0.438
2877,70.2,0.438
2878,70.2,0.438
2879,70.2,0.438
2880,70.2,0.438
2881,70.2,0.438
2882,70.2,0.438
2883,70.2,0.438
2884,70.2,0.438
2885,70.2,0.438
2886,70.2,0.438
2887,70.2,0.438
2888,70.2,0.438
2889,70.2,0.438
2890,70.2,0.438
2891,70.2,0.438
2892,70.2,0.438
2893,70.2,0.438
2894,70.2,0.438
2895,70.2,0.438
2896,70.2,0.438
2897,70.2,0.438
2898,70.2,0.438
2899,70.2,0.438
2900,70.2,0.438
2901,70.2,0.438
2902,70.2,0.438
2903,70.2,0.438
2904,70.2,0.438
2905,70.2,0.438
2906,70.2,0.438
2907,70.2,0.438
2908,70.2,0.438
2909,70.2,0.438
2910,70.2,0.438
2911,70.2,0.438
2912,70.2,0.438
2913,70.2,0.438
2914,70.2,0.438
2915,70.2,0.438
2916,70.2,0.438
2917,70.2,0.438
2918,70.2,0.438
2919,70.2,0.438
2920,70.2,0.438
2921,70.2,0.438
2922,70.2,0.438
2923,70.2,0.438
2924,70.2,0.438
2925,70.2,0.438
2926,70.2,0.438
2927,70.2,0.438
2928,70.2,0.438
2929,70.2,0.438
2930,70.2,0.438
2931,70.2,0.438
2932,70.2,0.438
2933,70.2,0.438
2934,70.2,0.438
2935,70.2,0.438
2936,70.2,0.438
2937,70.2,0.438
2938,70.2,0.438
2939,70.2,0.438
2940,70.2,0.438
2941,70.2,0.438
2942,70.2,0.438
2943,70.2,0.438
2944,70.2,0.438
2945,70.2,0.438
2946,70.2,0.438
2947,70.2,0.438
2948,70.2,0.438
2949,70.2,0.438
2950,70.2,0.438
2951,70.2,0.438
2952,70.2,0.438
2953,70.2,0.438
2954,70.2,0.438
2955,70.2,0.438
2956,70.2,0.438
2957,70.2,0.438
2958,70.2,0.438
2959,70.2,0.438
2960,70.2,0.438
2961,70.2,0.438
2962,70.2,0.438
2963,70.2,0.438
2964,70.2,0.438
2965,70.2,0.438
2966,70.2,0.438
2967,70.2,0.438
2968,70.2,0.438
2969,70.2,0.438
2970,70.2,0.438
2971,70.2,0.438
2972,70.2,0.438
2973,70.2,0.438
2974,70.2,0.438
2975,70.2,0.438
2976,70.2,0.438
2977,70.2,0.438
2978,70.2,0.438
2979,70.2,0.438
2980,70.2,0.438
2981,70.2,0.438
2982,70.2,0.438
2983,70.2,0.438
2984,70.2,0.438
2985,70.2,0.438
2986,70.2,0.438
2987,70.2,0.438
2988,70.2,0.438
2989,70.2,0.438
2990,70.2,0.438
2991,70.2,0.438
2992,70.2,0.438
2993,70.2,0.438
2994,70.2,0.438
2995,70.2,0.438
2996,70.2,0.438
2997,70.2,0.438
2998,70.2,0.438
2999,70.2,0.438
3000,70.2,0.438
3001,70.2,0.438
3002,70.2,0.438
3003,70.2,0.438
3004,70.2,0.438
3005,70.2,0.438
3006,70.2,0.438
3007,70.2,0.438
3008,70.2,0.438
3009,70.2,0.438
3010,70.2,0.438
3011,70.2,0.438
3012,70.2,0.438
3013,70.2,0.438
3014,70.2,0.438
3015,70.2,0.438
3016,70.2,0.438
3017,70.2,0.438
3018,70.2,0.438
3019,70.2,0.438
3020,70.2,0.438
3021,70.2,0.438
3022,70.2,0.438
3023,70.2,0.438
3024,70.2,0.438
3025,70.2,0.438
3026,70.2,0.438
3027,70.2,0.438
3028,70.2,0.438
3029,70.2,0.438
3030,70.2,0.438
3031,70.2,0.438
3032,70.2,0.438
3033,70.2,0.438
3034,70.2,0.438
3035,70.2,0.438
3036,70.2,0.438
3037,70.2,0.438
3038,70.2,0.438
3039,70.2,0.438
3040,70.2,0.438
3041,70.2,0.438
3042,70.2,0.438
3043,70.2,0.438
3044,70.2,0.438
3045,70.2,0.438
3046,70.2,0.438
3047,70.2,0.438
3048,70.2,0.438
3049,70.2,0.438
3050,70.2,0.438
3051,70.2,0.438
3052,70.2,0.438
3053,70.2,0.438
3054,70.2,0.438
3055,70.2,0.438
3056,70.2,0.438
3057,70.2,0.438
3058,70.2,0.438
3059,70.2,0.438
3060,70.2,0.438
3061,70.2,0.438
3062,70.2,0.438
3063,70.2,0.438
3064,70.2,0.438
3065,70.2,0.438
3066,70.2,0.438
3067,70.2,0.438
3068,70.2,0.438
3069,70.2,0.438
3070,70.2,0.438
3071,70.2,0.438
3072,70.2,0.438
3073,70.2,0.438
3074,70.2,0.438
3075,70.2,0.438
3076,70.2,0.438
3077,70.2,0.438
3078,70.2,0.438
3079,70.2,0.438
3080,70.2,0.438
3081,70.2,0.438
3082,70.2,0.438
3083,70.2,0.438
3084,70.2,0.438
3085,70.2,0.438
3086,70.2,0.438
3087,70.2,0.438
3088,70.2,0.438
3089,70.2,0.438
3090,70.2,0.438
3091,70.2,0.438
3092,70.2,0.438
3093,70.2,0.438
3094,70.2,0.438
3095,70.2,0.438
3096,70.2,0.438
3097,70.2,0.438
3098,70.2,0.438
3099,70.2,0.438
3100,70.2,0.438
3101,70.2,0.438
3102,70.2,0.438
3103,70.2,0.438
3104,70.2,0.438
3105,70.2,0.438
3106,70.2,0.438
3107,70.2,0.438
3108,70.2,0.438
3109,70.2,0.438
3110,70.2,0.438
3111,70.2,0.438
3112,70.2,0.438
3113,70.2,0.438
3114,70.2,0.438
3115,70.2,0.438
3116,70.2,0.438
3117,70.2,0.438
3118,70.2,0.438
3119,70.2,0.438
3120,70.2,0.438
3121,70.2,0.438
3122,70.2,0.438
3123,70.2,0.438
3124,70.2,0.438
3125,70.2,0.438
3126,70.2,0.438
3127,70.2,0.438
3128,70.2,0.438
3129,70.2,0.438
3130,70.2,0.438
3131,70.2,0.438
3132,70.2,0.438
3133,70.2,0.438
3134,70.2,0.438
3135,70.2,0.438
3136,70.2,0.438
3137,70.2,0.438
3138,70.2,0.438
3139,70.2,0.438
3140,70.2,0.438
3141,70.2,0.438
3142,70.2,0.438
3143,70.2,0.438
3144,70.2,0.438
3145,70.2,0.438
3146,70.2,0.438
3147,70.2,0.438
3148,70.2,0.438
3149,70.2,0.438
3150,70.2,0.438
3151,70.2,0.438
3152,70.2,0.438
3153,70.2,0.438
3154,70.2,0.438
3155,70.2,0.438
3156,70.2,0.438
3157,70.2,0.438
3158,70.2,0.438
3159,70.2,0.438
3160,70.2,0.438
3161,70.2,0.438
3162,70.2,0.438
3163,70.2,0.438
3164,70.2,0.438
3165,70.2,0.438
3166,70.2,0.438
3167,70.2,0.438
3168,70.2,0.438
3169,70.2,0.438
3170,70.2,0.438
3171,70.2,0.438
3172,70.2,0.438
3173,70.2,0.438
3174,70.2,0.438
3175,70.2,0.438
3176,70.2,0.438
3177,70.2,0.438
3178,70.2,0.438
3179,70.2,0.438
3180,70.2,0.438
3181,70.2,0.438
3182,70.2,0.438
3183,70.2,0.438
3184,70.2,0.438
3185,70.2,0.438
3186,70.2,0.438
3187,70.2,0.438
3188,70.2,0.438
3189,70.2,0.438
3190,70.2,0.438
3191,70.2,0.438
3192,70.2,0.438
3193,70.2,0.438
3194,70.2,0.438
3195,70.2,0.438
3196,70.2,0.438
3197,70.2,0.438
3198,70.2,0.438
3199,70.2,0.438
3200,70.2,0.438
3201,70.2,0.438
3202,70.2,0.438
3203,70.2,0.438
3204,70.2,0.438
3205,70.2,0.438
3206,70.2,0.438
3207,70.2,0.438
3208,70.2,0.438
3209,70.2,0.438
3210,70.2,0.438
3211,70.2,0.438
3212,70.2,0.438
3213,70.2,0.438
3214,70.2,0.438
3215,70.2,0.438
3216,70.2,0.438
3217,70.2,0.438
3218,70.2,0.438
3219,70.2,0.438
3220,70.2,0.438
3221,70.2,0.438
3222,70.2,0.438
3223,70.2,0.438
3224,70.2,0.438
3225,70.2,0.438
3226,70.2,0.438
3227,70.2,0.438
3228,70.2,0.438
3229,70.2,0.438
3230,70.2,0.438
3231,70.2,0.438
3232,70.2,0.438
3233,70.2,0.438
3234,70.2,0.438
3235,70.2,0.438
3236,70.2,0.438
3237,70.2,0.438
3238,70.2,0.438
3239,70.2,0.438
3240,70.2,0.438
3241,70.2,0.438
3242,70.2,0.438
3243,70.2,0.438
3244,70.2,0.438
3245,70.2,0.438
3246,70.2,0.438
3247,70.2,0.438
3248,70.2,0.438
3249,70.2,0.438
3250,70.2,0.438
3251,70.2,0.438
3252,70.2,0.438
3253,70.2,0.438
3254,70.2,0.438
3255,70.2,0.438
3256,70.2,0.438
3257,70.2,0.438
3258,70.2,0.438
3259,70.2,0.438
3260,70.2,0.438
3261,70.2,0.438
3262,70.2,0.438
3263,70.2,0.438
3264,70.2,0.438
3265,70.2,0.438
3266,70.2,0.438
3267,70.2,0.438
3268,70.2,0.438
3269,70.2,0.438
3270,70.2,0.438
3271,70.2,0.438
3272,70.2,0.438
3273,70.2,0.438
3274,70.2,0.438
3275,70.2,0.438
3276,70.2,0.438
3277,70.2,0.438
3278,70.2,0.438
3279,70.2,0.438
3280,70.2,0.438
3281,70.2,0.438
3282,70.2,0.438
3283,70.2,0.438
3284,70.2,0.438
3285,70.2,0.438
3286,70.2,0.438
3287,70.2,0.438
3288,70.2,0.438
3289,70.2,0.438
3290,70.2,0.438
3291,70.2,0.438
3292,70.2,0.438
3293,70.2,0.438
3294,70.2,0.438
3295,70.2,0.438
3296,70.2,0.438
3297,70.2,0.438
3298,70.2,0.438
3299,70.2,0.438
3300,70.2,0.438
3301,70.2,0.438
3302,70.2,0.438
3303,70.2,0.438
3304,70.2,0.438
3305,70.2,0.438
3306,70.2,0.438
3307,70.2,0.438
3308,70.2,0.438
3309,70.2,0.438
3310,70.2,0.438
3311,70.2,0.438
3312,70.2,0.438
3313,70.2,0.438
3314,70.2,0.438
3315,70.2,0.438
3316,70.2,0.438
3317,70.2,0.438
3318,70.2,0.438
3319,70.2,0.438
3320,70.2,0.438
3321,70.2,0.438
3322,70.2,0.438
3323,70.2,0.438
3324,70.2,0.438
3325,70.2,0.438
3326,70.2,0.438
3327,70.2,0.438
3328,70.2,0.438
3329,70.2,0.438
3330,70.2,0.438
3331,70.2,0.438
3332,70.2,0.438
3333,70.2,0.438
3334,70.2,0.438
3335,70.2,0.438
3336,70.2,0.438
3337,70.2,0.438
3338,70.2,0.438
3339,70.2,0.438
3340,70.2,0.438
3341,70.2,0.438
3342,70.2,0.438
3343,70.2,0.438
3344,70.2,0.438
3345,70.2,0.438
3346,70.2,0.438
3347,70.2,0.438
3348,70.2,0.438
3349,70.2,0.438
3350,70.2,0.438
3351,70.2,0.438
3352,70.2,0.438
3353,70.2,0.438
3354,70.2,0.438
3355,70.2,0.438
3356,70.2,0.438
3357,70.2,0.438
3358,70.2,0.438
3359,70.2,0.438
3360,70.2,0.438
3361,70.2,0.438
3362,70.2,0.438
3363,70.2,0.438
3364,70.2,0.438
3365,70.2,0.438
3366,70.2,0.438
3367,70.2,0.438
3368,70.2,0.438
3369,70.2,0.438
3370,70.2,0.438
3371,70.2,0.438
3372,70.2,0.438
3373,70.2,0.438
3374,70.2,0.438
3375,70.2,0.438
3376,70.2,0.438
3377,70.2,0.438
3378,70.2,0.438
3379,70.2,0.438
3380,70.2,0.438
3381,70.2,0.438
3382,70.2,0.438
3383,70.2,0.438
3384,70.2,0.438
3385,70.2,0.438
3386,70.2,0.438
3387,70.2,0.438
3388,70.2,0.438
3389,70.2,0.438
3390,70.2,0.438
3391,70.2,0.438
3392,70.2,0.438
3393,70.2,0.438
3394,70.2,0.438
3395,70.2,0.438
3396,70.2,0.438
3397,70.2,0.438
3398,70.2,0.438
3399,70.2,0.438
3400,70.2,0.438
3401,70.2,0.438
3402,70.2,0.438
3403,70.2,0.438
3404,70.2,0.438
3405,70.2,0.438
3406,70.2,0.438
3407,70.2,0.438
3408,70.2,0.438
3409,70.2,0.438
3410,70.2,0.438
3411,70.2,0.438
3412,70.2,0.438
3413,70.2,0.438
3414,70.2,0.438
3415,70.2,0.438
3416,70.2,0.438
3417,70.2,0.438
3418,70.2,0.438
3419,70.2,0.438
3420,70.2,0.438
3421,70.2,0.438
3422,70.2,0.438
3423,70.2,0.438
3424,70.2,0.438
3425,70.2,0.438
3426,70.2,0.438
3427,70.2,0.438
3428,70.2,0.438
3429,70.2,0.438
3430,70.2,0.438
3431,70.2,0.438
3432,70.2,0.438
3433,70.2,0.438
3434,70.2,0.438
3435,70.2,0.438
3436,70.2,0.438
3437,70.2,0.438
3438,70.2,0.438
3439,70.2,0.438
3440,70.2,0.438
3441,70.2,0.438
3442,70.2,0.438
3443,70.2,0.438
3444,70.2,0.438
3445,70.2,0.438
3446,70.2,0.438
3447,70.2,0.438
3448,70.2,0.438
3449,70.2,0.438
3450,70.2,0.438
3451,70.2,0.438
3452,70.2,0.438
3453,70.2,0.438
3454,70.2,0.438
3455,70.2,0.438
3456,70.2,0.438
3457,70.2,0.438
3458,70.2,0.438
3459,70.2,0.438
3460,70.2,0.438
3461,70.2,0.438
3462,70.2,0.438
3463,70.2,0.438
3464,70.2,0.438
3465,70.2,0.438
3466,70.2,0.438
3467,70.2,0.438
3468,70.2,0.438
3469,70.2,0.438
3470,70.2,0.438
3471,70.2,0.438
3472,70.2,0.438
3473,70.2,0.438
3474,70.2,0.438
3475,70.2,0.438
3476,70.2,0.438
3477,70.2,0.438
3478,70.2,0.438
3479,70.2,0.438
3480,70.2,0.438
3481,70.2,0.438
3482,70.2,0.438
3483,70.2,0.438
3484,70.2,0.438
3485,70.2,0.438
3486,70.2,0.438
3487,70.2,0.438
3488,70.2,0.438
3489,70.2,0.438
3490,70.2,0.438
3491,70.2,0.438
3492,70.2,0.438
3493,70.2,0.438
3494,70.2,0.438
3495,70.2,0.438
3496,70.2,0.438
3497,70.2,0.438
3498,70.2,0.438
3499,70.2,0.438
3500,70.2,0.438
3501,70.2,0.438
3502,70.2,0.438
3503,70.2,0.438
3504,70.2,0.438
3505,70.2,0.438
3506,70.2,0.438
3507,70.2,0.438
3508,70.2,0.438
3509,70.2,0.438
3510,70.2,0.438
3511,70.2,0.438
3512,70.2,0.438
3513,70.2,0.438
3514,70.2,0.438
3515,70.2,0.438
3516,70.2,0.438
3517,70.2,0.438
3518,70.2,0.438
3519,70.2,0.438
3520,70.2,0.438
3521,70.2,0.438
3522,70.2,0.438
3523,70.2,0.438
3524,70.2,0.438
3525,70.2,0.438
3526,70.2,0.438
3527,70.2,0.438
3528,70.2,0.438
3529,70.2,0.438
3530,70.2,0.438
3531,70.2,0.438
3532,70.2,0.438
3533,70.2,0.438
3534,70.2,0.438
3535,70.2,0.438
3536,70.2,0.438
3537,70.2,0.438
3538,70.2,0.438
3539,70.2,0.438
3540,70.2,0.438
3541,70.2,0.438
3542,70.2,0.438
3543,70.2,0.438
3544,70.2,0.438
3545,70.2,0.438
3546,70.2,0.438
3547,70.2,0.438
3548,70.2,0.438
3549,70.2,0.438
3550,70.2,0.438
3551,70.2,0.438
3552,70.2,0.438
3553,70.2,0.438
3554,70.2,0.438
3555,70.2,0.438
3556,70.2,0.438
3557,70.2,0.438
3558,70.2,0.438
3559,70.2,0.438
3560,70.2,0.438
3561,70.2,0.438
3562,70.2,0.438
3563,70.2,0.438
3564,70.2,0.438
3565,70.2,0.438
3566,70.2,0.438
3567,70.2,0.438
3568,70.2,0.438
3569,70.2,0.438
3570,70.2,0.438
3571,70.2,0.438
3572,70.2,0.438
3573,70.2,0.438
3574,70.2,0.438
3575,70.2,0.438
3576,70.2,0.438
3577,70.2,0.438
3578,70.2,0.438
3579,70.2,0.438
3580,70.2,0.438
3581,70.2,0.438
3582,70.2,0.438
3583,70.2,0.438
3584,70.2,0.438
3585,70.2,0.438
3586,70.2,0.438
3587,70.2,0.438
3588,70.2,0.438
3589,70.2,0.438
3590,70.2,0.438
3591,70.2,0.438
3592,70.2,0.438
3593,70.2,0.438
3594,70.2,0.438
3595,70.2,0.438
3596,70.2,0.438
3597,70.2,0.438
3598,70.2,0.438
3599,70.2,0.438
